;Run;conc;density
1;1;0.04882812;0.017
2;1;0.04882812;0.018
3;1;0.1953125;0.121
4;1;0.1953125;0.124
5;1;0.390625;0.206
6;1;0.390625;0.215
7;1;0.78125;0.377
8;1;0.78125;0.374
9;1;1.5625;0.614
10;1;1.5625;0.609
11;1;3.125;1.019
12;1;3.125;1.001
13;1;6.25;1.334
14;1;6.25;1.364
15;1;12.5;1.73
16;1;12.5;1.71
